model,split,test_auc,test_f1,test_accuracy,test_balanced_accuracy,test_sensitivity,test_specificity
base-densenet,1,0.7449294532627865,0.5434782608695652,0.72,0.6818783068783069,0.5952380952380952,0.7685185185185185
base-densenet,2,0.7804837822979659,0.6255924170616114,0.7357859531772575,0.7480483782297966,0.7764705882352941,0.719626168224299
base-densenet,3,0.7148268398268398,0.53125,0.697986577181208,0.6635822510822511,0.5795454545454546,0.7476190476190476
base-densenet,4,0.7215578539107951,0.5125,0.7442622950819672,0.6648620986856281,0.4880952380952381,0.8416289592760181
base-densenet,5,0.737427681352915,0.49696969696969695,0.7214765100671141,0.6505896751223854,0.4880952380952381,0.8130841121495327
base-efficientnet-b7,1,0.7089947089947091,0.22018348623853212,0.7166666666666667,0.5413359788359788,0.14285714285714285,0.9398148148148148
base-efficientnet-b7,2,0.7401869158878505,0.4785276073619632,0.7157190635451505,0.6382902693787795,0.4588235294117647,0.8177570093457944
base-efficientnet-b7,3,0.594534632034632,0.39790575916230364,0.6140939597315436,0.5611471861471862,0.4318181818181818,0.6904761904761905
base-efficientnet-b7,4,0.6553813833225598,0.45714285714285713,0.6885245901639344,0.6227106227106227,0.47619047619047616,0.7692307692307693
base-efficientnet-b7,5,0.6627725856697819,0.041666666666666664,0.6912751677852349,0.4885402759234535,0.023809523809523808,0.9532710280373832
base-efficientnet-b8,1,0.6486441798941798,0.28125,0.6933333333333334,0.546957671957672,0.21428571428571427,0.8796296296296297
base-efficientnet-b8,2,0.5608026388125343,0.39316239316239315,0.5250836120401338,0.529934029686641,0.5411764705882353,0.5186915887850467
base-efficientnet-b8,3,0.6379329004329004,0.3783783783783784,0.6912751677852349,0.5829004329004329,0.3181818181818182,0.8476190476190476
base-efficientnet-b8,4,0.6132299073475544,0.3087248322147651,0.6622950819672131,0.5418821374703728,0.27380952380952384,0.8099547511312217
base-efficientnet-b8,5,0.683466844681798,0.3308270676691729,0.7013422818791947,0.5678682688028482,0.2619047619047619,0.8738317757009346
base-efficientnet,1,0.6420304232804233,0.348993288590604,0.6766666666666666,0.564484126984127,0.30952380952380953,0.8194444444444444
base-efficientnet,2,0.6765255634964267,0.38235294117647056,0.7190635451505016,0.5945299615173172,0.3058823529411765,0.883177570093458
base-efficientnet,3,0.6575757575757575,0.42953020134228187,0.714765100671141,0.6127705627705629,0.36363636363636365,0.861904761904762
base-efficientnet,4,0.6065503124326653,0.32432432432432434,0.6721311475409836,0.5523594053005818,0.2857142857142857,0.8190045248868778
base-efficientnet,5,0.6351246105919003,0.33093525179856115,0.6879194630872483,0.5621384067645749,0.27380952380952384,0.8504672897196262
base-resnet,1,0.6674382716049382,0.4717948717948718,0.6566666666666666,0.6233465608465609,0.5476190476190477,0.6990740740740741
base-resnet,2,0.7297416162726774,0.4625,0.7123745819397993,0.6288620120945574,0.43529411764705883,0.822429906542056
base-resnet,3,0.702056277056277,0.4431137724550898,0.6879194630872483,0.6102272727272727,0.42045454545454547,0.8
base-resnet,4,0.7531243266537384,0.48322147651006714,0.7475409836065574,0.6486748545572075,0.42857142857142855,0.8687782805429864
base-resnet,5,0.7358144192256343,0.5149700598802395,0.7281879194630873,0.6624944370271473,0.5119047619047619,0.8130841121495327
base-vit,1,0.5,0.4375,0.28,0.5,1.0,0.0
base-vit,2,0.5,0.4427083333333333,0.2842809364548495,0.5,1.0,0.0
base-vit,3,0.5,0.45595854922279794,0.2953020134228188,0.5,1.0,0.0
base-vit,4,0.5,0.4318766066838046,0.2754098360655738,0.5,1.0,0.0
base-vit,5,0.5,0.4397905759162304,0.28187919463087246,0.5,1.0,0.0
config1,1,0.8034060846560848,0.6206896551724138,0.7433333333333333,0.7453703703703703,0.75,0.7407407407407407
config1,2,0.7188015393073116,0.5076923076923077,0.5719063545150501,0.6335623969213854,0.7764705882352941,0.49065420560747663
config1,3,0.7533008658008659,0.4662576687116564,0.7080536912751678,0.6278138528138528,0.4318181818181818,0.8238095238095238
config1,4,0.7704158586511527,0.5700934579439252,0.6983606557377049,0.7069866408101702,0.7261904761904762,0.6877828054298643
config1,5,0.7519470404984424,0.5316455696202531,0.7516778523489933,0.6752336448598131,0.5,0.8504672897196262
config2,1,0.70298721340388,0.32,0.7166666666666667,0.5704365079365079,0.23809523809523808,0.9027777777777778
config2,2,0.7687740516767454,0.57,0.7123745819397993,0.69978009895547,0.6705882352941176,0.7289719626168224
config2,3,0.7261363636363637,0.391304347826087,0.7181208053691275,0.5986471861471861,0.3068181818181818,0.8904761904761904
config2,4,0.7415427709545357,0.5550239234449761,0.6950819672131148,0.6936543848308554,0.6904761904761905,0.6968325791855203
config2,5,0.7417111704494882,0.4473684210526316,0.7181208053691275,0.6229417000445038,0.40476190476190477,0.8411214953271028
config3,1,0.41534391534391535,0.4375,0.28,0.5,1.0,0.0
config3,2,0.6503023639362286,0.0,0.7157190635451505,0.5,0.0,1.0
config3,3,0.5,0.45595854922279794,0.2953020134228188,0.5,1.0,0.0
config3,4,0.6710838181426416,0.4397905759162304,0.6491803278688525,0.6029411764705883,0.5,0.7058823529411765
config3,5,0.7620716510903427,0.6010362694300518,0.7416107382550335,0.7260792167334224,0.6904761904761905,0.7616822429906542
config4,1,0.6755401234567902,0.43902439024390244,0.6933333333333334,0.6124338624338624,0.42857142857142855,0.7962962962962963
config4,2,0.7052226498075865,0.5,0.6789297658862876,0.644502473886751,0.5647058823529412,0.7242990654205608
config4,3,0.6816558441558441,0.35294117647058826,0.6677852348993288,0.5629329004329005,0.3068181818181818,0.819047619047619
config4,4,0.6749622926093514,0.3611111111111111,0.6983606557377049,0.5778388278388278,0.30952380952380953,0.8461538461538461
config4,5,0.6542056074766356,0.3246753246753247,0.6510067114093959,0.543669336893636,0.2976190476190476,0.7897196261682243
config5,1,0.6889880952380952,0.3548387096774194,0.7333333333333333,0.5892857142857143,0.2619047619047619,0.9166666666666666
config5,2,0.6459043430456294,0.4896265560165975,0.5886287625418061,0.6204233095107201,0.6941176470588235,0.5467289719626168
config5,3,0.6883658008658009,0.5358851674641149,0.674496644295302,0.6634199134199135,0.6363636363636364,0.6904761904761905
config5,4,0.6524455936220642,0.4180790960451977,0.6622950819672131,0.5935412626589097,0.44047619047619047,0.746606334841629
config5,5,0.6158767245215844,0.4576271186440678,0.5704697986577181,0.592456608811749,0.6428571428571429,0.5420560747663551
config6,1,0.6189925044091711,0.3867403314917127,0.63,0.5648148148148148,0.4166666666666667,0.7129629629629629
config6,2,0.7300714678394723,0.3114754098360656,0.7190635451505016,0.5697086311159978,0.2235294117647059,0.9158878504672897
config6,3,0.6946969696969698,0.42758620689655175,0.7214765100671141,0.6142316017316017,0.3522727272727273,0.8761904761904762
config6,4,0.6574014221073045,0.422360248447205,0.6950819672131148,0.6050958845076493,0.40476190476190477,0.8054298642533937
config6,5,0.7270805518469069,0.4217687074829932,0.714765100671141,0.6097574543836226,0.36904761904761907,0.8504672897196262
config7,1,0.6498567019400353,0.36363636363636365,0.6966666666666667,0.5783730158730158,0.30952380952380953,0.8472222222222222
config7,2,0.7010995052226499,0.4155844155844156,0.6989966555183946,0.6017866959868059,0.3764705882352941,0.8271028037383178
config7,3,0.6351731601731602,0.2773722627737226,0.6677852348993288,0.536525974025974,0.2159090909090909,0.8571428571428571
config7,4,0.7008726567550098,0.2992125984251969,0.7081967213114754,0.5587965955613015,0.2261904761904762,0.8914027149321267
config7,5,0.7600133511348465,0.5153374233128835,0.7348993288590604,0.6635514018691588,0.5,0.8271028037383178
config8,1,0.7225529100529099,0.4460431654676259,0.7433333333333333,0.628968253968254,0.36904761904761907,0.8888888888888888
config8,2,0.777130291368884,0.42424242424242425,0.745819397993311,0.6203133589884552,0.32941176470588235,0.9112149532710281
config8,3,0.7356060606060605,0.19230769230769232,0.7181208053691275,0.5425324675324675,0.11363636363636363,0.9714285714285714
config8,4,0.7118078000430942,0.45454545454545453,0.7245901639344262,0.6291478129713424,0.4166666666666667,0.8416289592760181
config8,5,0.7640186915887851,0.460431654676259,0.7483221476510067,0.6367378727191811,0.38095238095238093,0.8925233644859814
